CREATE TABLE CITY
(CNAME VARCHAR(15) NOT NULL,
STATE VARCHAR(15), 
COUNTRY VARCHAR(30),
PRIMARY KEY(CNAME));


-- Insering values of Table: CITY--
INSERT INTO CITY (CNAME, STATE, COUNTRY) VALUES('Mumbai','Maharashtra','India');
INSERT INTO CITY (CNAME, STATE, COUNTRY) VALUES ('Dabolim','Goa','India');
INSERT INTO CITY (CNAME, STATE, COUNTRY) VALUES ('Chennai','Tamil Nadu','India');
INSERT INTO CITY (CNAME, STATE, COUNTRY) VALUES('Delhi','Delhi','India');
INSERT INTO CITY (CNAME, STATE, COUNTRY) VALUES('Pune','Maharashtra','India');
INSERT INTO CITY (CNAME, STATE, COUNTRY) VALUES('Kolkata', 'West Bengal', 'India');
INSERT INTO CITY (CNAME, STATE, COUNTRY) VALUES('Bangalore','Karnataka','India');
INSERT INTO CITY (CNAME, STATE, COUNTRY) VALUES('Hyderabad','Telangana','India');
INSERT INTO CITY (CNAME, STATE, COUNTRY) VALUES('Ahmedabad','Gujarat','India');
INSERT INTO CITY (CNAME, STATE, COUNTRY) VALUES('Cochin', 'Kerala', 'India');

CREATE TABLE AIRPORT
(gps_code VARCHAR(4) NOT NULL,
AP_NAME VARCHAR(100) NOT NULL,
STATE VARCHAR(15), 
COUNTRY VARCHAR(30),
CNAME VARCHAR(15),
PRIMARY KEY(AP_NAME),
FOREIGN KEY(CNAME) REFERENCES CITY(CNAME) ON DELETE CASCADE);

--Insering values for Table: AIRPORT--

INSERT INTO AIRPORT (gps_code, AP_NAME, STATE, COUNTRY, CNAME) VALUES('VOGO','Goa International Airport','Goa','India','Dabolim');
INSERT INTO AIRPORT (gps_code, AP_NAME, STATE, COUNTRY, CNAME) VALUES('VAPO','Pune Airport','Maharashtra','India','Pune');
INSERT INTO AIRPORT (gps_code, AP_NAME, STATE, COUNTRY, CNAME) VALUES('VOCI','Cochin International Airport','Kerala','India','Cochin');
INSERT INTO AIRPORT (gps_code, AP_NAME, STATE, COUNTRY, CNAME) VALUES('VIDP','Indira Gandhi International Airport','Delhi','India','Delhi');
INSERT INTO AIRPORT (gps_code, AP_NAME, STATE, COUNTRY, CNAME) VALUES('VABB','Chhatrapati Shivaji International Airport','Maharashtra','India','Mumbai');
INSERT INTO AIRPORT (gps_code, AP_NAME, STATE, COUNTRY, CNAME) VALUES('VAAH','Sardar Vallabhbhai Patel International Airport','Gujarat', 'India','Ahmedabad');
INSERT INTO AIRPORT (gps_code, AP_NAME, STATE, COUNTRY, CNAME) VALUES('VOHS','Rajiv Gandhi International Airport','Telangana','India','Hyderabad');
INSERT INTO AIRPORT (gps_code, AP_NAME, STATE, COUNTRY, CNAME) VALUES('VECC','Netaji Subhas Chandra Bose International Airport','West Bengal','India','Kolkata');
INSERT INTO AIRPORT (gps_code, AP_NAME, STATE, COUNTRY, CNAME) VALUES('VOMM','Chennai International Airport','Tamil Nadu','India','Chennai');
INSERT INTO AIRPORT (gps_code, AP_NAME, STATE, COUNTRY, CNAME) VALUES('VOBL','Kempegowda International Airport','Karnataka', 'India','Bangalore');


CREATE TABLE AIRLINE
(ICAO VARCHAR(3) NOT NULL,
AL_NAME VARCHAR(50),
PRIMARY KEY(ICAO));

-- Insering values for Table: AIRLINE --

INSERT INTO AIRLINE (ICAO, AL_NAME) VALUES('IAD','AirAsia India');
INSERT INTO AIRLINE (ICAO, AL_NAME) VALUES('GOW','GoAir');
INSERT INTO AIRLINE (ICAO, AL_NAME) VALUES('IGO','Indigo');
INSERT INTO AIRLINE (ICAO, AL_NAME) VALUES('SEJ','SpiceJet');
INSERT INTO AIRLINE (ICAO, AL_NAME) VALUES('VTI','Vistara');

CREATE TABLE CONTAINS
(ICAO VARCHAR(3) NOT NULL,
AP_NAME VARCHAR(100) NOT NULL,
PRIMARY KEY(ICAO, AP_NAME),
FOREIGN KEY(ICAO) REFERENCES AIRLINE(ICAO) ON DELETE CASCADE,
FOREIGN KEY(AP_NAME) REFERENCES AIRPORT(AP_NAME) ON DELETE CASCADE);

-- Insering values into Table: Contains--

INSERT INTO CONTAINS (ICAO, AP_NAME) VALUES('IAD','Cochin International Airport');
INSERT INTO CONTAINS (ICAO, AP_NAME) VALUES('IAD','Chennai International Airport');
INSERT INTO CONTAINS (ICAO, AP_NAME) VALUES('IAD','Kempegowda International Airport');
INSERT INTO CONTAINS (ICAO, AP_NAME) VALUES('IAD','Pune Airport');
INSERT INTO CONTAINS (ICAO, AP_NAME) VALUES('IAD','Goa International Airport');
INSERT INTO CONTAINS (ICAO, AP_NAME) VALUES('IAD','Chhatrapati Shivaji International Airport');
INSERT INTO CONTAINS (ICAO, AP_NAME) VALUES('IAD','Rajiv Gandhi International Airport');
INSERT INTO CONTAINS (ICAO, AP_NAME) VALUES('IAD','Indira Gandhi International Airport');
INSERT INTO CONTAINS (ICAO, AP_NAME) VALUES('IAD','Sardar Vallabhbhai Patel International Airport');
INSERT INTO CONTAINS (ICAO, AP_NAME) VALUES('IAD','Netaji Subhas Chandra Bose International Airport');

INSERT INTO CONTAINS (ICAO, AP_NAME) VALUES('IGO','Cochin International Airport');
INSERT INTO CONTAINS (ICAO, AP_NAME) VALUES('IGO','Chennai International Airport');
INSERT INTO CONTAINS (ICAO, AP_NAME) VALUES('IGO','Kempegowda International Airport');
INSERT INTO CONTAINS (ICAO, AP_NAME) VALUES('IGO','Pune Airport');
INSERT INTO CONTAINS (ICAO, AP_NAME) VALUES('IGO','Goa International Airport');
INSERT INTO CONTAINS (ICAO, AP_NAME) VALUES('IGO','Chhatrapati Shivaji International Airport');
INSERT INTO CONTAINS (ICAO, AP_NAME) VALUES('IGO','Rajiv Gandhi International Airport');
INSERT INTO CONTAINS (ICAO, AP_NAME) VALUES('IGO','Indira Gandhi International Airport');
INSERT INTO CONTAINS (ICAO, AP_NAME) VALUES('IGO','Sardar Vallabhbhai Patel International Airport');
INSERT INTO CONTAINS (ICAO, AP_NAME) VALUES('IGO','Netaji Subhas Chandra Bose International Airport');

INSERT INTO CONTAINS (ICAO, AP_NAME) VALUES('GOW','Cochin International Airport');
INSERT INTO CONTAINS (ICAO, AP_NAME) VALUES('GOW','Chennai International Airport');
INSERT INTO CONTAINS (ICAO, AP_NAME) VALUES('GOW','Kempegowda International Airport');
INSERT INTO CONTAINS (ICAO, AP_NAME) VALUES('GOW','Pune Airport');
INSERT INTO CONTAINS (ICAO, AP_NAME) VALUES('GOW','Goa International Airport');
INSERT INTO CONTAINS (ICAO, AP_NAME) VALUES('GOW','Chhatrapati Shivaji International Airport');
INSERT INTO CONTAINS (ICAO, AP_NAME) VALUES('GOW','Rajiv Gandhi International Airport');
INSERT INTO CONTAINS (ICAO, AP_NAME) VALUES('GOW','Indira Gandhi International Airport');
INSERT INTO CONTAINS (ICAO, AP_NAME) VALUES('GOW','Sardar Vallabhbhai Patel International Airport');
INSERT INTO CONTAINS (ICAO, AP_NAME) VALUES('GOW','Netaji Subhas Chandra Bose International Airport');

INSERT INTO CONTAINS (ICAO, AP_NAME) VALUES('SEJ','Cochin International Airport');
INSERT INTO CONTAINS (ICAO, AP_NAME) VALUES('SEJ','Chennai International Airport');
INSERT INTO CONTAINS (ICAO, AP_NAME) VALUES('SEJ','Kempegowda International Airport');
INSERT INTO CONTAINS (ICAO, AP_NAME) VALUES('SEJ','Pune Airport');
INSERT INTO CONTAINS (ICAO, AP_NAME) VALUES('SEJ','Goa International Airport');
INSERT INTO CONTAINS (ICAO, AP_NAME) VALUES('SEJ','Chhatrapati Shivaji International Airport');
INSERT INTO CONTAINS (ICAO, AP_NAME) VALUES('SEJ','Rajiv Gandhi International Airport');
INSERT INTO CONTAINS (ICAO, AP_NAME) VALUES('SEJ','Indira Gandhi International Airport');
INSERT INTO CONTAINS (ICAO, AP_NAME) VALUES('SEJ','Sardar Vallabhbhai Patel International Airport');
INSERT INTO CONTAINS (ICAO, AP_NAME) VALUES('SEJ','Netaji Subhas Chandra Bose International Airport');

INSERT INTO CONTAINS (ICAO, AP_NAME) VALUES('VTI','Cochin International Airport');
INSERT INTO CONTAINS (ICAO, AP_NAME) VALUES('VTI','Chennai International Airport');
INSERT INTO CONTAINS (ICAO, AP_NAME) VALUES('VTI','Kempegowda International Airport');
INSERT INTO CONTAINS (ICAO, AP_NAME) VALUES('VTI','Pune Airport');
INSERT INTO CONTAINS (ICAO, AP_NAME) VALUES('VTI','Goa International Airport');
INSERT INTO CONTAINS (ICAO, AP_NAME) VALUES('VTI','Chhatrapati Shivaji International Airport');
INSERT INTO CONTAINS (ICAO, AP_NAME) VALUES('VTI','Rajiv Gandhi International Airport');
INSERT INTO CONTAINS (ICAO, AP_NAME) VALUES('VTI','Indira Gandhi International Airport');
INSERT INTO CONTAINS (ICAO, AP_NAME) VALUES('VTI','Sardar Vallabhbhai Patel International Airport');
INSERT INTO CONTAINS (ICAO, AP_NAME) VALUES('VTI','Netaji Subhas Chandra Bose International Airport');

CREATE TABLE FLIGHT
(FLIGHT_CODE VARCHAR(10) NOT NULL,
SOURCE VARCHAR(3),
DESTINATION VARCHAR(3),
ARRIVAL VARCHAR(10),
DEPARTURE VARCHAR(10),
DURATION VARCHAR(30),
ICAO VARCHAR(3),
PRIMARY KEY(FLIGHT_CODE),
FOREIGN KEY(ICAO) REFERENCES AIRLINE(ICAO) ON DELETE CASCADE);


INSERT INTO FLIGHT(FLIGHT_CODE, SOURCE, DESTINATION, ARRIVAL, DEPARTURE, DURATION, ICAO)
VALUES('6E-683','DEL','HYD','07:40','09:50','2h 10m','IGO');


INSERT INTO FLIGHT(FLIGHT_CODE, SOURCE, DESTINATION, ARRIVAL, DEPARTURE, DURATION, ICAO)
VALUES('I5-764','MAA','DEL','16:45','19:35','2h 50m','IAD');


INSERT INTO FLIGHT(FLIGHT_CODE, SOURCE, DESTINATION, ARRIVAL, DEPARTURE, DURATION, ICAO)
VALUES('SG-608','COK','MAA','10:20','11:35','1h 15m','SEJ');


INSERT INTO FLIGHT(FLIGHT_CODE, SOURCE, DESTINATION, ARRIVAL, DEPARTURE, DURATION, ICAO)
VALUES('I5-1129','BLR','COK','21:10','22:10','1h 0m','IAD');


INSERT INTO FLIGHT(FLIGHT_CODE, SOURCE, DESTINATION, ARRIVAL, DEPARTURE, DURATION, ICAO)
VALUES('G8-121','HYD','BLR','09:35','10:55','1h 20m','GOW');


INSERT INTO FLIGHT(FLIGHT_CODE, SOURCE, DESTINATION, ARRIVAL, DEPARTURE, DURATION, ICAO)
VALUES('UK-910','GOI','BOM','14:40','15:55','1h 15m','VTI');


INSERT INTO FLIGHT(FLIGHT_CODE, SOURCE, DESTINATION, ARRIVAL, DEPARTURE, DURATION, ICAO)
VALUES('G8-365','BOM','AMD','07:35','08:50','1h 15m','GOW');


INSERT INTO FLIGHT(FLIGHT_CODE, SOURCE, DESTINATION, ARRIVAL, DEPARTURE, DURATION, ICAO)
VALUES('6E-751','AMD','CCU','09:50','12:30','2h 40m','IGO');


INSERT INTO FLIGHT(FLIGHT_CODE, SOURCE, DESTINATION, ARRIVAL, DEPARTURE, DURATION, ICAO)
VALUES('SG-274','CCU','PNQ','08:50','11:30','2h 40m','SEJ');


INSERT INTO FLIGHT(FLIGHT_CODE, SOURCE, DESTINATION, ARRIVAL, DEPARTURE, DURATION, ICAO)
VALUES('G8-452','PNQ','MAA','23:15','01:05','1h 50m','GOW');


CREATE TABLE PASSENGER1
(PID INT NOT NULL,
PASSPORTNO VARCHAR(10) NOT NULL,
PRIMARY KEY(PID,PASSPORTNO));

-- Insering values in table: PASSENGER1--
INSERT INTO PASSENGER1(PID, PASSPORTNO) VALUES(1,'A1234568');
INSERT INTO PASSENGER1(PID, PASSPORTNO) VALUES(2,'B9876541');
INSERT INTO PASSENGER1(PID, PASSPORTNO) VALUES(3,'C2345698');
INSERT INTO PASSENGER1(PID, PASSPORTNO) VALUES(4,'D1002004');
INSERT INTO PASSENGER1(PID, PASSPORTNO) VALUES(5,'X9324666');
INSERT INTO PASSENGER1(PID, PASSPORTNO) VALUES(6,'B8765430');
INSERT INTO PASSENGER1(PID, PASSPORTNO) VALUES(7,'J9801235');
INSERT INTO PASSENGER1(PID, PASSPORTNO) VALUES(8,'A1122334');
INSERT INTO PASSENGER1(PID, PASSPORTNO) VALUES(9,'Q1243567');
INSERT INTO PASSENGER1(PID, PASSPORTNO) VALUES(10,'S1243269');
INSERT INTO PASSENGER1(PID, PASSPORTNO) VALUES(11,'E3277889');
INSERT INTO PASSENGER1(PID, PASSPORTNO) VALUES(12,'K3212322');
INSERT INTO PASSENGER1(PID, PASSPORTNO) VALUES(13,'P3452390');
INSERT INTO PASSENGER1(PID, PASSPORTNO) VALUES(14,'W7543336');
INSERT INTO PASSENGER1(PID, PASSPORTNO) VALUES(15,'R8990566');

CREATE TABLE PASSENGER2
(PASSPORTNO VARCHAR(10) NOT NULL,
FNAME VARCHAR(20),
M VARCHAR(1),
LNAME VARCHAR(20),
ADDRESS VARCHAR(100),
PHONE BIGINT,
AGE BIGINT,
SEX VARCHAR(1),
PRIMARY KEY(PASSPORTNO));


--iNSERTING VALUES IN TABLE: PASSENGER2--
INSERT INTO PASSENGER2(PASSPORTNO,FNAME,M,LNAME,ADDRESS,PHONE,AGE,SEX)
VALUES('A1234568','ALANKRIT','M','GOEL','2230 DURGA APARTMENTS, MAYUR VIHAR, NEW DELHI, INDIA',8080367290,30,'M');

INSERT INTO PASSENGER2(PASSPORTNO,FNAME,M,LNAME,ADDRESS,PHONE,AGE,SEX)
VALUES('B9876541','ANKITA','V','AHIR','3456 VIKAS APTS, APT 102,DOMBIVLI, INDIA',8080367280,26,'F');

INSERT INTO PASSENGER2(PASSPORTNO,FNAME,M,LNAME,ADDRESS,PHONE,AGE,SEX)
VALUES('C2345698','KHYATI','A','MISHRA','7820 MCCALLUM COURTS, APT 234, DURGAPUR, INDIA',8082267280,30,'F');

INSERT INTO PASSENGER2(PASSPORTNO,FNAME,M,LNAME,ADDRESS,PHONE,AGE,SEX)
VALUES('D1002004','ANJALI','S','PATIL','7720 MCCALLUM BLVD, APT 1082, RAJKOT, INDIA',9080367266,23,'F');

INSERT INTO PASSENGER2(PASSPORTNO,FNAME,M,LNAME,ADDRESS,PHONE,AGE,SEX)
VALUES('X9324666','TEJASHREE','B','PANDIT','9082 ESTAES OF RICHARDSON, MYLAPORE, INDIA',9004360125,28,'F');

INSERT INTO PASSENGER2(PASSPORTNO,FNAME,M,LNAME,ADDRESS,PHONE,AGE,SEX)
VALUES('B8765430','LAKSHMI','P','SHARMA','1110 FIR HILLS, APT 903, PUNE, INDIA',7666190505,30,'F');

INSERT INTO PASSENGER2(PASSPORTNO,FNAME,M,LNAME,ADDRESS,PHONE,AGE,SEX)
VALUES('J9801235','AKHILESH','D','JOSHI','345 CHATHAM COURTS, APT 678, MUMBAI, INDIA',9080369290,29,'M');

INSERT INTO PASSENGER2(PASSPORTNO,FNAME,M,LNAME,ADDRESS,PHONE,AGE,SEX)
VALUES('A1122334','MANAN','S','LAKHANI','5589 CHTHAM REFLECTIONS, APT 349 MARGO, INDIA',9004335126,25,'F');

INSERT INTO PASSENGER2(PASSPORTNO,FNAME,M,LNAME,ADDRESS,PHONE,AGE,SEX)
VALUES('Q1243567','KARAN','M','MOTANI','4444 FRANKFORD VILLA, APT 77, THIRUVANANTHAPURAM, INDIA',9727626643,22,'M');

INSERT INTO PASSENGER2(PASSPORTNO,FNAME,M,LNAME,ADDRESS,PHONE,AGE,SEX)
VALUES('S1243269','ROM','A','SOLANKI','7720 MCCALLUM BLVD, APT 2087, HYDERABAD, INDIA',9004568903,60,'M');


INSERT INTO PASSENGER2(PASSPORTNO,FNAME,M,LNAME,ADDRESS,PHONE,AGE,SEX)
VALUES('E3277889','John','A','GATES','1234 BAKER APTS, APT 59, PUNE, INDIA',9724569986,10,'M');

INSERT INTO PASSENGER2(PASSPORTNO,FNAME,M,LNAME,ADDRESS,PHONE,AGE,SEX)
VALUES('K3212322','SARA','B','GOMES','6785 SPLITSVILLA, APT 34, KHARAGPUR, INDIA',9024569226,15,'F');

INSERT INTO PASSENGER2(PASSPORTNO,FNAME,M,LNAME,ADDRESS,PHONE,AGE,SEX)
VALUES('P3452390','ALIA','V','BHAT','548 MARKET PLACE, MUMBAI, INDIA',9734567800,10,'F');

INSERT INTO PASSENGER2(PASSPORTNO,FNAME,M,LNAME,ADDRESS,PHONE,AGE,SEX)
VALUES('W7543336','JOHN','P','SMITH','6666 ROCK HILL, APT 2902, CHENNAI, INDIA',4624569986,55,'M');

INSERT INTO PASSENGER2(PASSPORTNO,FNAME,M,LNAME,ADDRESS,PHONE,AGE,SEX)
VALUES('R8990566','RIA','T','GUPTA','3355 PALENCIA, APT 2065, BANGALORE, INDIA',4724512343,10,'M');

CREATE TABLE PASSENGER3
(PID INT NOT NULL,
FLIGHT_CODE VARCHAR(10),
PASSPORTNO VARCHAR(10) NOT NULL,
PRIMARY KEY(PID),
FOREIGN KEY(FLIGHT_CODE) REFERENCES FLIGHT(FLIGHT_CODE) ON DELETE CASCADE,
FOREIGN KEY(PID) REFERENCES PASSENGER1(PID) ON DELETE CASCADE);

-- INSERTING VALUES INTO TABLE: PASSENGER3--

INSERT INTO PASSENGER3(PID, FLIGHT_CODE,PASSPORTNO) VALUES(1,'6E-683','A1234568');
INSERT INTO PASSENGER3(PID, FLIGHT_CODE,PASSPORTNO) VALUES(2,'G8-365','B9876541');
INSERT INTO PASSENGER3(PID, FLIGHT_CODE,PASSPORTNO) VALUES(3,'SG-274','C2345698');
INSERT INTO PASSENGER3(PID, FLIGHT_CODE,PASSPORTNO) VALUES(4,'6E-751','D1002004');
INSERT INTO PASSENGER3(PID, FLIGHT_CODE,PASSPORTNO) VALUES(5,'I5-764','X9324666');
INSERT INTO PASSENGER3(PID, FLIGHT_CODE,PASSPORTNO) VALUES(6,'G8-452','B8765430');
INSERT INTO PASSENGER3(PID, FLIGHT_CODE,PASSPORTNO) VALUES(7,'G8-365','J9801235');
INSERT INTO PASSENGER3(PID, FLIGHT_CODE,PASSPORTNO) VALUES(8,'UK-910','A1122334');
INSERT INTO PASSENGER3(PID, FLIGHT_CODE,PASSPORTNO) VALUES(9,'SG-608','Q1243567');
INSERT INTO PASSENGER3(PID, FLIGHT_CODE,PASSPORTNO) VALUES(10,'G8-121','S1243269');
INSERT INTO PASSENGER3(PID, FLIGHT_CODE,PASSPORTNO) VALUES(11,'G8-452','E3277889');
INSERT INTO PASSENGER3(PID, FLIGHT_CODE,PASSPORTNO) VALUES(12,'SG-274','K3212322');
INSERT INTO PASSENGER3(PID, FLIGHT_CODE,PASSPORTNO) VALUES(13,'G8-365','P3452390');
INSERT INTO PASSENGER3(PID, FLIGHT_CODE,PASSPORTNO) VALUES(14,'I5-764','W7543336');
INSERT INTO PASSENGER3(PID, FLIGHT_CODE,PASSPORTNO) VALUES(15,'I5-1129','R8990566');

